{"cameraMode":{"drawMode":0,"name":"Shaded","section":"Shading Mode"},"sceneLighting":true,"audioPlay":false,"sceneViewState":{"showFog":true,"showMaterialUpdate":false,"showSkybox":true,"showFlares":true,"showImageEffects":true,"showParticleSystems":true},"in2DMode":false,"pivot":{"x":1.1014134883880616,"y":-0.4825218915939331,"z":7.230762958526611},"rotation":{"x":-0.01480131410062313,"y":0.9848114848136902,"z":-0.13111083209514619,"w":-0.11404887586832047},"size":17.383485794067384,"orthographic":false}